client_id,gender
883.0,Male
329.0,Male
406.0,Female
809.0,Male
969.0,Female
3.0,Female
418.0,Male
863.0,Female
27.0,Male
163.0,Female
370.0,Male
715.0,Male
963.0,Male
743.0,Female
461.0,Male
922.0,Female
112.0,Male
1025.0,Female
59.0,Male
295.0,Male
55.0,Female
100.0,Male
1047.0,Female
339.0,Male
713.0,Male
757.0,Female
663.0,Female
1059.0,Female
80.0,Male
428.0,Female
601.0,Male
972.0,Female
83.0,Male
412.0,Female
901.0,Male
838.0,Male
546.0,Male
1094.0,Female
816.0,Female
624.0,Female
593.0,Male
1027.0,Female
455.0,Male
232.0,Female
306.0,Non-Binary
975.0,Male
686.0,Female
209.0,Male
440.0,Male
527.0,Male
1062.0,Female
490.0,Female
818.0,Male
708.0,Female
784.0,Male
733.0,Female
21.0,Female
164.0,Female
134.0,Male
224.0,Male
659.0,Female
970.0,Male
70.0,Non-Binary
860.0,Male
51.0,Non-Binary
43.0,Male
711.0,Female
1061.0,Female
545.0,Female
354.0,Male
482.0,Female
699.0,Male
1091.0,Female
805.0,Male
352.0,Female
675.0,Male
366.0,Male
403.0,Female
426.0,Female
701.0,Female
1071.0,Female
179.0,Female
790.0,Female
150.0,Male
192.0,Female
872.0,Male
431.0,Male
111.0,Male
629.0,Male
753.0,Female
427.0,Male
620.0,Female
377.0,Female
676.0,Non-Binary
9.0,Female
98.0,Male
104.0,Female
195.0,Male
473.0,Male
1031.0,Female
14.0,Male
623.0,Male
Unknown,Male
443.0,Male
120.0,Female
342.0,Male
189.0,Female
869.0,Female
371.0,Male
839.0,Female
1082.0,Female
472.0,Non-Binary
786.0,Female
245.0,Male
297.0,Female
720.0,Female
813.0,Male
39.0,Female
746.0,Female
462.0,Female
844.0,Non-Binary
252.0,Male
454.0,Female
770.0,Female
399.0,Female
397.0,Female
525.0,Female
894.0,Male
405.0,Male
910.0,Male
466.0,Male
513.0,Female
274.0,Female
81.0,Female
994.0,Female
280.0,Female
126.0,Male
396.0,Female
468.0,Female
976.0,Male
465.0,Non-Binary
1077.0,Female
211.0,Female
312.0,Male
763.0,Male
867.0,Male
293.0,Female
217.0,Male
507.0,Female
31.0,Female
181.0,Male
26.0,Female
1046.0,Female
21.0,Female
407.0,Male
877.0,Female
556.0,Male
218.0,Female
1003.0,Female
958.0,Male
578.0,Female
808.0,Female
516.0,Male
915.0,Female
761.0,Male
266.0,Female
615.0,Female
375.0,Male
949.0,Female
4.0,Female
263.0,Male
933.0,Non-Binary
837.0,Female
1011.0,Female
193.0,Female
207.0,Male
487.0,Male
334.0,Male
913.0,Female
819.0,Male
517.0,Male
747.0,Male
940.0,Female
203.0,Male
435.0,Male
320.0,Male
87.0,Female
117.0,Female
840.0,Female
823.0,Male
651.0,Male
654.0,Female
227.0,Non-Binary
853.0,Male
309.0,Female
750.0,Female
416.0,Male
78.0,Male
980.0,Female
281.0,Female
879.0,Male
878.0,Female
984.0,Male
543.0,Male
470.0,Non-Binary
433.0,Female
44.0,Female
992.0,Female
825.0,Female
284.0,Male
1089.0,Female
340.0,Male
241.0,Female
145.0,Male
918.0,Female
807.0,Female
24.0,Male
425.0,Male
916.0,Male
718.0,Non-Binary
48.0,Female
442.0,Non-Binary
171.0,Female
703.0,Male
153.0,Male
828.0,Male
613.0,Female
977.0,Female
385.0,Female
859.0,Female
183.0,Female
649.0,Female
538.0,Male
973.0,Female
569.0,Female
599.0,Male
681.0,Female
548.0,Female
408.0,Male
208.0,Female
457.0,Male
671.0,Male
835.0,Female
270.0,Male
658.0,Male
617.0,Male
618.0,Male
585.0,Female
360.0,Female
45.0,Male
219.0,Female
176.0,Male
782.0,Female
1016.0,Female
678.0,Male
330.0,Male
343.0,Male
359.0,Female
739.0,Male
409.0,Female
512.0,Male
56.0,Female
692.0,Male
689.0,Female
529.0,Male
777.0,Male
93.0,Female
324.0,Male
858.0,Male
842.0,Female
32.0,Male
822.0,Male
614.0,Male
967.0,Female
47.0,Male
582.0,Non-Binary
799.0,Female
679.0,Non-Binary
146.0,Male
449.0,Male
1064.0,Female
1048.0,Female
147.0,Female
603.0,Male
1032.0,Female
1073.0,Female
766.0,Female
11.0,
53.0,Female
483.0,Male
542.0,Female
600.0,Male
557.0,Male
656.0,Male
827.0,Male
501.0,Female
523.0,Non-Binary
214.0,Male
752.0,Female
1034.0,Female
1085.0,Female
495.0,Male
944.0,Female
540.0,Male
899.0,Male
852.0,Female
109.0,Male
874.0,Male
724.0,Female
275.0,Female
632.0,Female
745.0,Male
1081.0,Female
288.0,Female
668.0,Male
522.0,Male
421.0,Female
328.0,Female
637.0,Female
821.0,Female
645.0,Male
417.0,Male
446.0,Female
158.0,Female
936.0,Male
321.0,Female
378.0,Male
61.0,Male
372.0,Male
1014.0,Female
995.0,Male
908.0,Male
606.0,Male
173.0,Female
769.0,Male
998.0,Male
344.0,Male
728.0,Female
729.0,Male
15.0,Male
46.0,Female
1002.0,Female
638.0,Male
1036.0,Female
1075.0,Female
196.0,Male
1010.0,Female
451.0,Female
764.0,Female
269.0,Male
717.0,Female
1026.0,Female
833.0,Male
49.0,Female
1004.0,Female
162.0,Female
559.0,Female
690.0,Male
503.0,Male
934.0,Female
1067.0,Female
419.0,Female
635.0,Male
814.0,Female
904.0,Female
182.0,Male
680.0,Female
161.0,Male
73.0,Male
17.0,Male
1069.0,Female
474.0,Female
673.0,Male
86.0,Male
118.0,Male
471.0,Male
903.0,Male
1023.0,Female
499.0,Non-Binary
1012.0,Female
1.0,Male
697.0,Male
395.0,Male
806.0,Female
563.0,Male
636.0,Male
783.0,Male
253.0,Female
774.0,Male
707.0,Male
971.0,Female
511.0,Female
127.0,Female
290.0,Female
205.0,Female
834.0,Male
1017.0,Female
759.0,Female
749.0,Female
1090.0,Female
923.0,Female
655.0,Male
251.0,Male
289.0,Male
1029.0,Female
721.0,Female
491.0,Male
832.0,Male
292.0,Male
256.0,Female
644.0,Male
190.0,Male
249.0,Non-Binary
262.0,Non-Binary
536.0,Female
815.0,Female
115.0,Female
537.0,Female
398.0,Male
657.0,Male
836.0,Male
704.0,Male
775.0,Female
304.0,Female
830.0,Male
621.0,Male
698.0,Female
1093.0,Female
650.0,Female
616.0,Female
1074.0,Female
400.0,Female
866.0,Female
19.0,Male
103.0,Male
186.0,Female
583.0,Female
931.0,Male
622.0,Male
463.0,Female
25.0,Male
125.0,Male
299.0,Female
131.0,Male
1043.0,Female
741.0,Male
591.0,Male
40.0,Male
602.0,Male
608.0,Male
1033.0,Female
239.0,Female
63.0,Female
500.0,Non-Binary
880.0,Male
688.0,Male
165.0,Male
389.0,Female
498.0,Male
765.0,Male
481.0,Female
590.0,Male
311.0,Male
97.0,Female
524.0,Female
404.0,Female
476.0,Non-Binary
947.0,Male
341.0,Female
132.0,Male
595.0,Female
895.0,Female
350.0,Female
322.0,Female
642.0,Male
450.0,Male
392.0,Male
1088.0,Female
506.0,Male
356.0,Female
684.0,Female
1024.0,Female
943.0,Female
467.0,Male
988.0,Male
565.0,Male
68.0,Female
906.0,Female
7.0,Male
238.0,Male
1001.0,Female
335.0,Male
567.0,Male
948.0,Female
647.0,Female
362.0,Female
921.0,Female
999.0,Female
273.0,Female
423.0,Male
1083.0,Female
74.0,Female
1019.0,Female
1065.0,Female
286.0,Male
521.0,Female
515.0,Male
812.0,Female
1009.0,Female
1022.0,Female
1045.0,Female
533.0,Non-Binary
737.0,Male
735.0,Male
30.0,Male
932.0,Female
982.0,Female
136.0,Male
229.0,Female
283.0,Male
725.0,Female
719.0,Male
756.0,Female
113.0,Female
862.0,Male
938.0,Female
1100.0,Female
319.0,Male
149.0,Male
579.0,Female
804.0,Female
1070.0,Female
887.0,Female
305.0,Female
920.0,Male
116.0,Female
242.0,Female
930.0,Male
101.0,Male
732.0,Female
394.0,Female
716.0,Female
159.0,Male
646.0,Female
956.0,Male
889.0,Male
151.0,Female
791.0,Male
981.0,Male
957.0,Female
892.0,Female
788.0,Male
789.0,Male
287.0,Male
178.0,Male
458.0,Male
1044.0,Female
843.0,Male
391.0,Non-Binary
870.0,Female
661.0,Male
351.0,Female
167.0,Male
881.0,Male
847.0,Male
778.0,Female
436.0,Female
802.0,Male
911.0,Female
353.0,Female
484.0,Female
696.0,Female
829.0,Female
609.0,Female
1052.0,Female
497.0,Female
71.0,Female
57.0,Male
885.0,Female
58.0,Male
148.0,Female
797.0,Female
876.0,Male
210.0,Male
220.0,Female
706.0,Non-Binary
793.0,Female
748.0,Female
955.0,Male
,Male
64.0,Male
817.0,Female
374.0,Female
962.0,Female
597.0,Female
625.0,Female
349.0,Male
1056.0,Female
630.0,Male
670.0,Male
960.0,Female
247.0,Male
20.0,Male
250.0,Female
919.0,Female
851.0,Male
35.0,Non-Binary
185.0,Male
641.0,Male
194.0,Female
13.0,Female
927.0,Male
551.0,Female
124.0,Male
1066.0,Female
94.0,Female
60.0,Male
795.0,Male
152.0,Male
810.0,Male
926.0,Male
496.0,Male
594.0,Male
639.0,Male
128.0,Female
380.0,Male
439.0,Female
996.0,Male
65.0,Male
166.0,Female
441.0,Male
917.0,Male
144.0,Male
1098.0,Female
107.0,Male
452.0,Female
959.0,Male
801.0,Female
197.0,Female
986.0,Female
554.0,Female
575.0,Female
912.0,Male
221.0,Female
566.0,Female
705.0,Male
213.0,Female
991.0,Female
373.0,Male
662.0,Non-Binary
282.0,Male
939.0,Male
388.0,Male
62.0,Male
751.0,Male
198.0,Female
348.0,Male
848.0,Non-Binary
469.0,Male
914.0,Male
890.0,Male
768.0,Female
139.0,Male
882.0,Female
891.0,Female
577.0,Male
447.0,Non-Binary
924.0,Female
429.0,Male
767.0,Female
488.0,Male
990.0,Female
691.0,Male
76.0,Female
664.0,Male
824.0,Male
552.0,Female
580.0,Male
82.0,Female
648.0,Female
1057.0,Female
772.0,Female
1038.0,Female
1041.0,Female
541.0,Female
464.0,Female
564.0,Male
393.0,Male
129.0,Male
776.0,Male
900.0,Male
22.0,Male
792.0,Female
402.0,Female
531.0,Female
731.0,Male
200.0,Female
831.0,Male
459.0,Male
310.0,Male
432.0,Female
520.0,Male
710.0,Female
259.0,Female
277.0,Female
779.0,Female
307.0,Female
787.0,Female
102.0,Female
547.0,Male
323.0,Female
480.0,Female
1030.0,Female
530.0,Female
1086.0,Female
665.0,Male
92.0,Female
276.0,Female
742.0,Male
581.0,Male
477.0,Male
368.0,Female
367.0,Non-Binary
448.0,Female
119.0,Female
456.0,Female
738.0,Female
445.0,Female
518.0,Female
726.0,Female
652.0,Female
72.0,Male
871.0,Male
553.0,Female
18.0,Female
897.0,Male
23.0,Male
478.0,Female
643.0,Male
188.0,Female
223.0,Male
77.0,Female
855.0,Male
714.0,Male
535.0,Female
300.0,Male
489.0,Female
983.0,Male
180.0,Male
978.0,Male
345.0,Male
294.0,Male
437.0,Male
170.0,Female
315.0,Female
89.0,Female
1092.0,Female
951.0,Female
539.0,Male
157.0,Female
369.0,Male
942.0,Female
709.0,Male
230.0,Female
336.0,Male
1008.0,Female
434.0,Male
974.0,Male
199.0,Female
347.0,Female
736.0,Female
773.0,Male
850.0,Female
780.0,Female
382.0,Female
390.0,Female
246.0,Female
254.0,Male
1079.0,Female
928.0,Female
740.0,Male
420.0,Female
177.0,Female
558.0,Male
1097.0,Female
560.0,Female
271.0,Female
1006.0,Female
905.0,Male
929.0,Female
243.0,Female
85.0,Male
760.0,Female
257.0,Female
28.0,Female
1055.0,Female
509.0,Female
669.0,Male
2.0,Female
479.0,Non-Binary
384.0,Female
796.0,Female
723.0,Male
693.0,Female
138.0,Female
215.0,Female
841.0,Male
486.0,Female
66.0,Female
502.0,Female
514.0,Female
361.0,Male
50.0,Male
413.0,Female
619.0,Female
584.0,Male
233.0,Female
302.0,Female
317.0,Male
318.0,Male
308.0,Male
357.0,Male
296.0,Female
91.0,Male
268.0,Female
422.0,Female
626.0,Male
674.0,Female
358.0,Female
755.0,Male
386.0,Female
285.0,Female
1035.0,Female
337.0,Female
946.0,Male
410.0,Male
744.0,Female
156.0,Male
240.0,Male
160.0,Female
683.0,Male
279.0,Female
672.0,Female
1099.0,Female
653.0,Female
42.0,Female
316.0,Female
598.0,Male
730.0,Male
534.0,Female
966.0,Male
1068.0,Female
331.0,Male
291.0,Male
326.0,Female
508.0,Female
1076.0,Female
106.0,Male
1051.0,Female
346.0,Female
424.0,Female
993.0,Male
1037.0,Female
987.0,Female
781.0,Female
21.0,Female
941.0,Male
631.0,Female
945.0,Male
694.0,Male
338.0,Female
861.0,Female
105.0,Female
893.0,Female
1042.0,Female
108.0,Female
265.0,Female
41.0,Male
875.0,Male
758.0,Female
886.0,Male
1058.0,Female
492.0,Female
1028.0,Female
244.0,Male
298.0,Male
38.0,Male
236.0,Female
519.0,Non-Binary
846.0,Male
155.0,Non-Binary
225.0,Male
174.0,Male
898.0,Female
313.0,Male
682.0,Male
37.0,Male
12.0,Non-Binary
154.0,Female
235.0,Male
383.0,Female
231.0,Female
67.0,Male
364.0,Female
785.0,Male
216.0,Male
544.0,Female
485.0,Female
640.0,Male
586.0,Male
798.0,Female
610.0,Female
555.0,Female
1007.0,Female
212.0,Female
261.0,Female
137.0,Female
865.0,Male
925.0,Male
272.0,Female
325.0,Female
611.0,Male
633.0,Female
1095.0,Female
75.0,Female
596.0,Male
794.0,Female
475.0,Female
206.0,Male
168.0,Male
1005.0,Female
884.0,Male
1072.0,Female
612.0,Female
568.0,Male
379.0,Female
130.0,Female
666.0,Male
1039.0,Female
561.0,Female
121.0,Female
234.0,Female
1087.0,Female
550.0,Female
605.0,Male
953.0,Male
1060.0,Female
1078.0,Female
587.0,Male
589.0,Male
771.0,Male
935.0,Male
222.0,Female
677.0,Male
204.0,Female
314.0,Non-Binary
634.0,Female
685.0,Female
453.0,Male
627.0,Male
95.0,Female
660.0,Female
700.0,Female
937.0,Male
952.0,Female
549.0,Female
79.0,Male
734.0,Female
504.0,Female
191.0,Male
278.0,Female
950.0,Female
327.0,Female
902.0,Male
820.0,Male
576.0,Female
376.0,Male
363.0,Male
965.0,Male
997.0,Female
989.0,Male
414.0,Female
856.0,Male
570.0,Male
172.0,Male
110.0,Male
854.0,Female
873.0,Female
909.0,Male
845.0,Male
411.0,Male
401.0,Male
907.0,Female
140.0,Non-Binary
574.0,Female
415.0,Female
1049.0,Female
267.0,Female
712.0,Female
494.0,Male
1021.0,Female
69.0,Male
99.0,Male
333.0,Male
36.0,Female
438.0,Female
888.0,Male
332.0,Female
248.0,Non-Binary
228.0,Male
52.0,Female
169.0,Male
572.0,Female
175.0,Female
849.0,Female
571.0,Female
510.0,Female
237.0,Male
460.0,Male
88.0,Female
141.0,Non-Binary
1018.0,Female
264.0,Female
607.0,Male
365.0,Female
754.0,Male
592.0,Female
123.0,Male
143.0,Female
493.0,Male
33.0,Male
803.0,Female
604.0,Male
985.0,Female
896.0,Male
184.0,Female
1080.0,Female
133.0,Male
34.0,Female
588.0,Male
29.0,Female
226.0,Male
122.0,Female
96.0,Female
1040.0,Female
1020.0,Female
84.0,Male
255.0,Male
8.0,Female
1084.0,Female
961.0,Male
260.0,Male
1053.0,Female
528.0,Male
142.0,Male
1096.0,Female
868.0,Male
667.0,Male
381.0,Male
201.0,Female
628.0,Female
1000.0,Male
1063.0,Female
964.0,Male
1015.0,Female
1050.0,Female
301.0,Male
444.0,Male
258.0,Female
526.0,Male
573.0,Male
135.0,Female
10.0,Female
762.0,Male
979.0,Female
687.0,Female
54.0,Female
968.0,Male
387.0,Male
1054.0,Female
864.0,Male
505.0,Female
532.0,Non-Binary
114.0,Female
702.0,Male
722.0,Male
430.0,Male
1013.0,Female
826.0,Female
695.0,Male
954.0,Female
202.0,Male
355.0,Male
562.0,Male
90.0,Male
303.0,Female
800.0,Female
5.0,Male
727.0,Male
857.0,Male
811.0,Non-Binary
187.0,Female
